,lon,lat,city,state
353,-157.8583333,21.3069444,Honolulu,HI
1482,-157.8583333,21.3069444,Honolulu,HI
1099,-156.7886111,71.2905556,Barrow,AK
581,-156.3319253,20.7983626,Maui,HI
1084,-155.0884869,19.7070942,Hilo,HI
1096,-155.0884869,19.7070942,Hilo,HI
1410,-155.0884869,19.7070942,Hilo,HI
1534,-155.0884869,19.7070942,Hilo,HI
809,-151.2583333,60.5544444,Kenai Peninsula,AK
1016,-149.9282138,61.1767272,Spenard,AK
94,-149.9002778,61.2180556,Anchorage,AK
1519,-149.9002778,61.2180556,Anchorage,AK
1135,-149.8180556,61.6302778,Houston,AK
1403,-149.4394444,61.5813889,Wasilla,AK
682,-147.7163889,64.8377778,Fairbanks,AK
685,-147.7163889,64.8377778,Fairbanks,AK
1633,-147.7163889,64.8377778,Fairbanks,AK
828,-124.1636729,40.8020712,Eureka,CA
1610,-124.1006205,40.9465152,McKinneyville,CA
1087,-123.9226385,45.9931636,Seaside,OR
671,-123.7039941,41.1877221,Weitchpec,CA
396,-123.4670077,42.382338,Wilderville,OR
467,-123.4568737,42.3447572,Josephine County,OR
466,-123.1987163,45.2101162,McMinnville,OR
1,-123.1007066,47.2150945,Shelton,WA
241,-123.0867536,44.0520691,Eugene,OR
309,-123.0867536,44.0520691,Eugene,OR
818,-123.0350963,44.9428975,Salem,OR
1503,-123.0350963,44.9428975,Salem,OR
987,-122.9666644,38.497135,Santa Nella,CA
1010,-122.9084445,46.146779,Kelso,WA
1603,-122.9084445,46.146779,Kelso,WA
999,-122.9006951,47.0378741,Olympia,WA
200,-122.8755949,42.3265152,Medford,OR
399,-122.8755949,42.3265152,Medford,OR
1037,-122.8755949,42.3265152,Medford,OR
2,-122.8670454,45.4942838,Aloha,OR
748,-122.8670454,45.4942838,Aloha,OR
629,-122.8293192,47.3352273,Grapeview,WA
308,-122.8163802,38.5471327,Windsor,CA
497,-122.8037102,45.487062,Beaverton,OR
1026,-122.8037102,45.487062,Beaverton,OR
940,-122.7695986,46.8645747,Thurston County,WA
1395,-122.7639851,45.3840077,Tualatin,OR
417,-122.7439912,45.9045591,Woodland,WA
220,-122.6764816,45.5230622,Portland,OR
463,-122.6764816,45.5230622,Portland,OR
840,-122.6764816,45.5230622,Portland,OR
1195,-122.6614861,45.6387281,Vancouver,WA
1433,-122.6614861,45.6387281,Vancouver,WA
1241,-122.6510961,38.966564,Clearlake Park,CA
1405,-122.6344708,41.7354186,Yreka,CA
1369,-122.6067583,45.3573429,Oregon City,OR
1358,-122.5770126,41.7743261,Siskiyou County,CA
297,-122.518458,47.1717649,Lakewood,WA
1129,-122.518458,47.1717649,Lakewood,WA
348,-122.4442906,47.2528768,Tacoma,WA
584,-122.4442906,47.2528768,Tacoma,WA
1058,-122.4442906,47.2528768,Tacoma,WA
115,-122.4374803,45.1721192,Colton,OR
1376,-122.4302013,45.5001357,Gresham,OR
4,-122.4194155,37.7749295,San Francisco,CA
143,-122.4194155,37.7749295,San Francisco,CA
202,-122.4194155,37.7749295,San Francisco,CA
782,-122.4194155,37.7749295,San Francisco,CA
853,-122.4194155,37.7749295,San Francisco,CA
908,-122.4194155,37.7749295,San Francisco,CA
1264,-122.4194155,37.7749295,San Francisco,CA
1363,-122.4194155,37.7749295,San Francisco,CA
723,-122.4053018,40.4505502,Happy Valley,CA
1002,-122.3916754,40.5865396,Redding,CA
1329,-122.3467918,47.4703767,Burien,WA
528,-122.3320708,47.6062095,Seattle,WA
919,-122.3320708,47.6062095,Seattle,WA
1131,-122.3320708,47.6062095,Seattle,WA
1634,-122.2942839,47.0528789,Graham,WA
191,-122.286865,38.2975381,Napa,CA
81,-122.2852473,37.831316,Emeryville,CA
515,-122.2719529,41.2082089,Dunsmuir,CA
565,-122.2719529,41.2082089,Dunsmuir,CA
411,-122.2711137,37.8043637,Oakland,CA
573,-122.2711137,37.8043637,Oakland,CA
605,-122.2711137,37.8043637,Oakland,CA
651,-122.2711137,37.8043637,Oakland,CA
721,-122.2711137,37.8043637,Oakland,CA
861,-122.2711137,37.8043637,Oakland,CA
207,-122.2648752,49.0001217,Sumas,WA
1587,-122.2609558,47.4739884,Tukwila,WA
219,-122.2566367,38.1040864,Vallejo,CA
1667,-122.2284532,47.3073228,Auburn,WA
781,-122.2087353,47.6814875,Kirkland,WA
272,-122.1791556,39.9276572,Corning,CA
978,-122.1430195,37.4418834,Palo Alto,CA
502,-122.1221869,37.1260578,Boulder Creek,CA
1060,-122.1188945,45.2023855,Clackamas County,OR
382,-122.0981848,47.9128756,Snohomish,WA
1591,-122.0807964,37.6688205,Hayward,CA
190,-122.0651819,37.9100783,Walnut Creek,CA
1336,-122.0637425,48.015098,Lake Stevens,WA
1039,-122.0438298,37.5933918,Union City,CA
1072,-122.0402399,37.5296593,Newark,CA
1186,-122.0402399,37.5296593,Newark,CA
36,-122.0399663,38.2493581,Fairfield,CA
266,-122.0363496,37.36883,Sunnyvale,CA
615,-122.0363496,37.36883,Sunnyvale,CA
856,-122.0363496,37.36883,Sunnyvale,CA
1672,-122.0230146,37.2638324,Saratoga,CA
39,-121.9885719,37.5482697,Fremont,CA
538,-121.9885719,37.5482697,Fremont,CA
222,-121.9552356,37.3541079,Santa Clara,CA
757,-121.8946761,36.6002378,Monterey,CA
104,-121.8863286,37.3382082,San Jose,CA
225,-121.8863286,37.3382082,San Jose,CA
600,-121.8863286,37.3382082,San Jose,CA
618,-121.8863286,37.3382082,San Jose,CA
621,-121.8863286,37.3382082,San Jose,CA
846,-121.8863286,37.3382082,San Jose,CA
1173,-121.8863286,37.3382082,San Jose,CA
1499,-121.8863286,37.3382082,San Jose,CA
480,-121.8746789,37.6624312,Pleasanton,CA
716,-121.8482855,36.6171819,Sand City,CA
717,-121.8482855,36.6171819,Sand City,CA
849,-121.8374777,39.7284944,Chico,CA
892,-121.8374777,39.7284944,Chico,CA
775,-121.822098,36.6149217,Seaside,CA
82,-121.805789,38.0049214,Antioch,CA
928,-121.802173,36.6844029,Marina,CA
413,-121.7568946,36.910231,Watsonsville,CA
1679,-121.6812361,48.1492727,Big Bear,MO
1208,-121.6380069,37.8671476,Byron,CA
947,-121.5682751,37.0057816,Gilroy,CA
508,-121.5521858,39.0954484,Olivehurst,CA
199,-121.4943996,38.5815719,Sacramento,CA
358,-121.4943996,38.5815719,Sacramento,CA
1266,-121.4943996,38.5815719,Sacramento,CA
1514,-121.4943996,38.5815719,Sacramento,CA
324,-121.3716178,38.4087993,Elk Grove,CA
1606,-121.3644216,38.7166871,Antelope,CA
801,-121.3282843,38.617127,Carmichael,CA
1445,-121.3282843,38.617127,Carmichael,CA
1397,-121.3153096,44.0581728,Bend,OR
1075,-121.302728,38.5890723,Rancho Cordova,CA
967,-121.2988335,39.2077473,Smartsville,CA
11,-121.2907796,37.9577016,Stockton,CA
70,-121.2907796,37.9577016,Stockton,CA
161,-121.2907796,37.9577016,Stockton,CA
435,-121.2907796,37.9577016,Stockton,CA
1279,-121.2907796,37.9577016,Stockton,CA
1602,-121.2907796,37.9577016,Stockton,CA
450,-121.2810611,38.7071247,Citrus Heights,CA
1364,-121.2810611,38.7071247,Citrus Heights,CA
1581,-121.2810611,38.7071247,Citrus Heights,CA
690,-121.2722194,38.1341477,Lodi,CA
1699,-121.2721718,38.6446264,Fair Oaks,CA
1141,-121.1354141,37.7394537,Ripon,CA
549,-121.0218887,39.0010079,Meadow Vista,CA
787,-120.9968782,37.6390972,Modesto,CA
953,-120.9968782,37.6390972,Modesto,CA
1271,-120.9968782,37.6390972,Modesto,CA
1003,-120.9577098,37.5949316,Ceres,CA
1019,-120.939249,47.1953976,Cle Elum,WA
1412,-120.8465941,37.4946568,Turlock,CA
1665,-120.7785354,37.4321589,Delhi,CA
486,-120.609084,37.3477174,Atwater,CA
1424,-120.5058987,46.6020711,Yakima,WA
834,-120.4829677,37.3021632,Merced,CA
409,-120.4357191,34.9530337,Santa Maria,CA
1532,-120.4357191,34.9530337,Santa Maria,CA
1560,-120.4203382,46.4476278,Wapato,WA
1649,-120.2931263,47.4156824,East Wenatchee,WA
1385,-120.1376481,34.5958201,Solvang,CA
437,-119.9771868,38.939926,South Lake Tahoe,CA
316,-119.8815203,36.0988489,Kings County,CA
882,-119.8138027,39.5296329,Reno,NV
1048,-119.8138027,39.5296329,Reno,NV
1179,-119.8138027,39.5296329,Reno,NV
1496,-119.8138027,39.5296329,Reno,NV
1614,-119.8138027,39.5296329,Reno,NV
459,-119.7725868,36.7468422,Fresno,CA
589,-119.7725868,36.7468422,Fresno,CA
668,-119.7725868,36.7468422,Fresno,CA
681,-119.7725868,36.7468422,Fresno,CA
790,-119.7725868,36.7468422,Fresno,CA
989,-119.7725868,36.7468422,Fresno,CA
1224,-119.7725868,36.7468422,Fresno,CA
1468,-119.7725868,36.7468422,Fresno,CA
617,-119.7674034,39.1637984,Carson City,NV
1551,-119.7526886,39.5349112,Sparks,NV
564,-119.7412875,38.8882398,Gardnerville Ranchos,NV
1509,-119.7029194,36.8252277,Clovis,CA
798,-119.4201204,36.3510616,West Goshen,CA
64,-119.3409457,35.5941238,Wasco,CA
438,-119.2920585,36.3302284,Visalia,CA
1327,-119.2920585,36.3302284,Visalia,CA
287,-119.2717761,35.5005139,Shafter,CA
404,-119.2470536,35.7688425,Delano,CA
1151,-119.2246073,39.4154714,Silver Springs,NV
236,-119.1770516,34.1975048,Oxnard,CA
336,-119.1372338,46.2112458,Kennewick,WA
101,-119.1005657,46.2395793,Pasco,WA
1049,-119.0541032,43.5862606,Burns,OR
951,-119.0376023,34.2163937,Camarillo,CA
203,-119.0187125,35.3732921,Bakersfield,CA
208,-119.0187125,35.3732921,Bakersfield,CA
234,-119.0187125,35.3732921,Bakersfield,CA
492,-119.0187125,35.3732921,Bakersfield,CA
634,-119.0187125,35.3732921,Bakersfield,CA
898,-119.0187125,35.3732921,Bakersfield,CA
1068,-119.0187125,35.3732921,Bakersfield,CA
1137,-119.0187125,35.3732921,Bakersfield,CA
1604,-119.0187125,35.3732921,Bakersfield,CA
976,-119.0167679,36.06523,Porterville,CA
1569,-118.6256552,34.4890363,Castaic,CA
1021,-118.542586,34.3916641,Santa Clarita,CA
1031,-118.4849365,34.235822,North Hills,CA
337,-118.4694832,33.9850469,Venice,CA
305,-118.4571974,34.3058279,Sylmar,CA
1263,-118.4571974,34.3058279,Sylmar,CA
750,-118.451357,34.1898566,Van Nuys,CA
1112,-118.451357,34.1898566,Van Nuys,CA
258,-118.4489739,35.1321877,Tehachapi,CA
702,-118.442425,34.227617,Panorama City,CA
550,-118.3870991,34.1395597,Studio City,CA
1133,-118.3531311,33.9616801,Inglewood,CA
1134,-118.3531311,33.9616801,Inglewood,CA
246,-118.3525748,33.9164032,Hawthorne,CA
1024,-118.3520389,34.1176605,Hollywood Hills,CA
163,-118.3089661,34.1808392,Burbank,CA
1611,-118.2935891,34.091341,East Hollywood,CA
228,-118.2914872,33.9891116,South Los Angeles,CA
231,-118.2643567,33.7857948,Wilmington,CA
1190,-118.255075,34.1425078,Glendale,CA
41,-118.2436849,34.0522342,Los Angeles,CA
155,-118.2436849,34.0522342,Los Angeles,CA
183,-118.2436849,34.0522342,Los Angeles,CA
265,-118.2436849,34.0522342,Los Angeles,CA
299,-118.2436849,34.0522342,Los Angeles,CA
488,-118.2436849,34.0522342,Los Angeles,CA
503,-118.2436849,34.0522342,Los Angeles,CA
517,-118.2436849,34.0522342,Los Angeles,CA
606,-118.2436849,34.0522342,Los Angeles,CA
653,-118.2436849,34.0522342,Los Angeles,CA
704,-118.2436849,34.0522342,Los Angeles,CA
738,-118.2436849,34.0522342,Los Angeles,CA
791,-118.2436849,34.0522342,Los Angeles,CA
847,-118.2436849,34.0522342,Los Angeles,CA
958,-118.2436849,34.0522342,Los Angeles,CA
1088,-118.2436849,34.0522342,Los Angeles,CA
1114,-118.2436849,34.0522342,Los Angeles,CA
1244,-118.2436849,34.0522342,Los Angeles,CA
1273,-118.2436849,34.0522342,Los Angeles,CA
1323,-118.2436849,34.0522342,Los Angeles,CA
1421,-118.2436849,34.0522342,Los Angeles,CA
1542,-118.2436849,34.0522342,Los Angeles,CA
1585,-118.2436849,34.0522342,Los Angeles,CA
1598,-118.2436849,34.0522342,Los Angeles,CA
1643,-118.2250725,33.9816812,Huntington Park,CA
1555,-118.2200712,33.8958492,Compton,CA
1624,-118.2200712,33.8958492,Compton,CA
23,-118.2120161,33.954737,South Gate,CA
1171,-118.2120161,33.954737,South Gate,CA
1351,-118.2117257,34.0297895,Boyle Heights,CA
933,-118.2114603,33.930293,Lynwood,CA
624,-118.2022917,48.1171945,Hunters,WA
307,-118.1937395,33.7700504,Long Beach,CA
388,-118.1937395,33.7700504,Long Beach,CA
592,-118.1937395,33.7700504,Long Beach,CA
946,-118.1937395,33.7700504,Long Beach,CA
1180,-118.1937395,33.7700504,Long Beach,CA
1339,-118.1937395,33.7700504,Long Beach,CA
1481,-118.1937395,33.7700504,Long Beach,CA
1652,-118.1937395,33.7700504,Long Beach,CA
1508,-118.1870156,33.9775142,Bell,CA
1426,-118.185349,33.9866807,Maywood,CA
1556,-118.181944,34.05,City Terrace,CA
473,-118.1541632,34.6867846,Lancaster,CA
1103,-118.1541632,34.6867846,Lancaster,CA
487,-118.1339563,33.8536269,Lakewood,CA
691,-118.1331593,33.9401088,Downey,CA
959,-118.1164613,34.5794343,Palmdale,CA
904,-118.081733,33.9022367,Norwalk,CA
988,-118.072846,34.0805651,Rosemead,CA
483,-118.0728424,33.8314045,Hawaiian Gardens,CA
343,-118.0647871,33.8583483,Cerritos,CA
1147,-118.0647871,33.8583483,Cerritos,CA
338,-118.0467339,34.0519548,South El Monte,CA
567,-118.032844,33.9791793,Whittier,CA
686,-118.0275667,34.0686206,El Monte,CA
317,-117.9536697,33.7091847,Fountain Valley,CA
784,-117.9436749,34.0452883,Valinda,CA
472,-117.9389526,34.0686208,West Covina,CA
1497,-117.9242966,33.8703596,Fullerton,CA
171,-117.9145036,33.8352932,Anaheim,CA
419,-117.9145036,33.8352932,Anaheim,CA
1095,-117.9145036,33.8352932,Anaheim,CA
1127,-117.9145036,33.8352932,Anaheim,CA
447,-117.9075627,34.1336186,Azusa,CA
146,-117.8678338,33.7455731,Santa Ana,CA
181,-117.8678338,33.7455731,Santa Ana,CA
1122,-117.8678338,33.7455731,Santa Ana,CA
1123,-117.8678338,33.7455731,Santa Ana,CA
255,-117.8531119,33.7877944,Orange,CA
1116,-117.8131125,33.8886259,Yorba Linda,CA
616,-117.8125674,35.6468991,Inyokern,CA
286,-117.6897776,34.0775104,Montclair,CA
90,-117.688944,34.0122346,Chino,CA
1538,-117.688944,34.0122346,Chino,CA
178,-117.6508876,34.0633443,Ontario,CA
628,-117.6508876,34.0633443,Ontario,CA
675,-117.6508876,34.0633443,Ontario,CA
763,-117.6467917,34.433237,Pinion Hills,CA
354,-117.603104,33.640855,Rancho Santa Margarita,CA
858,-117.4854802,33.9971974,Jurupa Valley,CA
860,-117.4854802,33.9971974,Jurupa Valley,CA
189,-117.435048,34.0922335,Fontana,CA
688,-117.435048,34.0922335,Fontana,CA
881,-117.435048,34.0922335,Fontana,CA
596,-117.4260466,47.6587802,Spokane,WA
1317,-117.4260466,47.6587802,Spokane,WA
747,-117.3703235,34.1064001,Rialto,CA
804,-117.3333772,34.0158479,Highgrove,CA
1283,-117.3272615,33.6680772,Lake Elsinore,CA
1674,-117.3136547,34.0739016,Colton,CA
232,-117.2919818,33.0369867,Encinitas,CA
106,-117.2897652,34.1083449,San Bernardino,CA
709,-117.2897652,34.1083449,San Bernardino,CA
766,-117.2897652,34.1083449,San Bernardino,CA
906,-117.2897652,34.1083449,San Bernardino,CA
907,-117.2897652,34.1083449,San Bernardino,CA
936,-117.2897652,34.1083449,San Bernardino,CA
1525,-117.2897652,34.1083449,San Bernardino,CA
1549,-117.2897652,34.1083449,San Bernardino,CA
1631,-117.2897652,34.1083449,San Bernardino,CA
815,-117.2466838,32.70003,Point Loma,CA
1588,-117.2425355,33.2000368,Vista,CA
835,-117.2355851,32.8024577,Pacific Beach,CA
521,-117.2296717,33.9424658,Moreno Valley,CA
79,-117.1858759,34.5008311,Apple Valley,CA
1228,-117.1825381,34.0555693,Redlands,CA
577,-117.1610966,32.7157305,San Diego County,CA
328,-117.1610838,32.715738,San Diego,CA
360,-117.1610838,32.715738,San Diego,CA
469,-117.1610838,32.715738,San Diego,CA
652,-117.1610838,32.715738,San Diego,CA
793,-117.1610838,32.715738,San Diego,CA
992,-117.1610838,32.715738,San Diego,CA
1348,-117.1610838,32.715738,San Diego,CA
1330,-117.1483648,33.4936391,Temecula,CA
1504,-117.1483648,33.4936391,Temecula,CA
1539,-117.0844733,33.706966,Winchester,CA
1437,-117.0841955,32.6400541,Chula Vista,CA
92,-117.0619755,34.0039039,Calimesa,CA
742,-117.0470434,32.555556,San Ysidro,CA
1608,-117.0358646,32.9628232,Poway,CA
700,-117.0172826,34.8957957,Barstow,CA
879,-117.0172826,34.8957957,Barstow,CA
1683,-116.977248,33.9294606,Beaumont,CA
1575,-116.9739167,32.8383828,Santee,CA
47,-116.9719684,33.7475203,Hemet,CA
289,-116.9719684,33.7475203,Hemet,CA
607,-116.9719684,33.7475203,Hemet,CA
929,-116.9719684,33.7475203,Hemet,CA
961,-116.9719684,33.7475203,Hemet,CA
1027,-116.9625269,32.7947731,El Cajon,CA
982,-116.9337599,43.6176584,Homedale,ID
760,-116.8651224,33.442702,Aguanga,CA
389,-116.7664109,32.8350521,Alpine,CA
211,-116.6201357,43.7068281,Middleton,ID
602,-116.553465,48.276577,Sandpoint,ID
806,-116.4668036,33.7805388,Cathedral City,CA
829,-116.4381985,44.7298876,Council,ID
1552,-116.3100095,33.6633573,La Quinta,CA
1703,-116.2381744,43.6221108,Garden City,ID
774,-116.2155619,33.7205771,Indio,CA
918,-116.2155619,33.7205771,Indio,CA
1616,-116.2155619,33.7205771,Indio,CA
117,-116.2146068,43.6187102,Boise,ID
1316,-116.2146068,43.6187102,Boise,ID
1434,-116.2146068,43.6187102,Boise,ID
797,-115.4988834,32.6789476,Calexico,CA
1568,-115.4661859,42.9457307,Hammett,ID
140,-115.1398296,36.1699412,Las Vegas,NV
505,-115.1398296,36.1699412,Las Vegas,NV
554,-115.1398296,36.1699412,Las Vegas,NV
588,-115.1398296,36.1699412,Las Vegas,NV
641,-115.1398296,36.1699412,Las Vegas,NV
779,-115.1398296,36.1699412,Las Vegas,NV
841,-115.1398296,36.1699412,Las Vegas,NV
887,-115.1398296,36.1699412,Las Vegas,NV
945,-115.1398296,36.1699412,Las Vegas,NV
948,-115.1398296,36.1699412,Las Vegas,NV
991,-115.1398296,36.1699412,Las Vegas,NV
1247,-115.1398296,36.1699412,Las Vegas,NV
1274,-115.1398296,36.1699412,Las Vegas,NV
1362,-115.1398296,36.1699412,Las Vegas,NV
1625,-115.1398296,36.1699412,Las Vegas,NV
24,-115.1175013,36.1988592,North Las Vegas,NV
658,-115.1175013,36.1988592,North Las Vegas,NV
724,-115.1175013,36.1988592,North Las Vegas,NV
479,-114.9817213,36.0395247,Henderson,NV
590,-114.8917978,47.1915937,Superior,MT
242,-114.8345117,35.9782216,Boulder City,NV
1420,-114.709677,32.5964404,Somerton,AZ
1505,-114.6276916,32.6926512,Yuma,AZ
530,-114.6141315,34.8480597,Needles,CA
1450,-114.3224548,34.483901,Lake Havasu City,AZ
1404,-114.2891177,34.1500162,Parker,AZ
182,-114.0530065,35.189443,Kingman,AZ
1632,-114.0530065,35.189443,Kingman,AZ
153,-113.9536466,34.0061091,La Paz County,AZ
499,-112.8279996,37.8421975,Parowan,UT
851,-112.6389244,45.2166324,Dillon,MT
735,-112.5868398,34.4258586,Wilhoit,AZ
1471,-112.5837766,33.3703197,Buckeye,AZ
1441,-112.5347776,46.0038232,Butte,MT
667,-112.4685025,34.5400242,Prescott,AZ
420,-112.2718239,33.5975393,Sun City,AZ
897,-112.2718239,33.5975393,Sun City,AZ
261,-112.2493671,43.7640903,Jefferson County,ID
204,-112.1859866,33.5386523,Glendale,AZ
229,-112.1859866,33.5386523,Glendale,AZ
1245,-112.1859866,33.5386523,Glendale,AZ
65,-112.0740373,33.4483771,Phoenix,AZ
168,-112.0740373,33.4483771,Phoenix,AZ
257,-112.0740373,33.4483771,Phoenix,AZ
291,-112.0740373,33.4483771,Phoenix,AZ
500,-112.0740373,33.4483771,Phoenix,AZ
534,-112.0740373,33.4483771,Phoenix,AZ
645,-112.0740373,33.4483771,Phoenix,AZ
979,-112.0740373,33.4483771,Phoenix,AZ
1038,-112.0740373,33.4483771,Phoenix,AZ
1132,-112.0740373,33.4483771,Phoenix,AZ
1143,-112.0740373,33.4483771,Phoenix,AZ
1146,-112.0740373,33.4483771,Phoenix,AZ
1353,-112.0740373,33.4483771,Phoenix,AZ
1361,-112.0740373,33.4483771,Phoenix,AZ
1398,-112.0740373,33.4483771,Phoenix,AZ
1593,-112.0740373,33.4483771,Phoenix,AZ
1612,-112.0740373,33.4483771,Phoenix,AZ
1626,-112.0740373,33.4483771,Phoenix,AZ
1658,-112.0740373,33.4483771,Phoenix,AZ
1660,-112.0740373,33.4483771,Phoenix,AZ
1676,-112.0740373,33.4483771,Phoenix,AZ
19,-112.0646657,41.0893878,Syracuse,UT
43,-112.0476423,33.0581063,Maricopa,AZ
1209,-112.0339645,43.4916514,Idaho Falls,ID
1570,-112.0260538,41.1107771,Clearfield,UT
218,-112.0098791,34.7391876,Cottonwood,AZ
397,-112.0098791,34.7391876,Cottonwood,AZ
1428,-112.006882,40.3141169,Eagle Mountain,UT
1125,-111.9738304,41.223,Ogden,UT
86,-111.9400054,33.4255104,Tempe,AZ
87,-111.9400054,33.4255104,Tempe,AZ
159,-111.9400054,33.4255104,Tempe,AZ
984,-111.9400054,33.4255104,Tempe,AZ
1547,-111.9400054,33.4255104,Tempe,AZ
649,-111.9391031,40.6096698,West Jordan,UT
46,-111.9260519,33.4941704,Scottsdale,AZ
1548,-111.9260519,33.4941704,Scottsdale,AZ
17,-111.8910474,40.7607793,Salt Lake City,UT
725,-111.8910474,40.7607793,Salt Lake City,UT
1033,-111.8910474,40.7607793,Salt Lake City,UT
1312,-111.8754907,40.6868914,Milcreek,UT
32,-111.8638226,40.5246711,Draper,UT
7,-111.8412502,33.3061605,Chandler,AZ
1303,-111.8412502,33.3061605,Chandler,AZ
563,-111.8338359,41.7369803,Logan,UT
323,-111.8314724,33.4151843,Mesa,AZ
490,-111.8314724,33.4151843,Mesa,AZ
912,-111.8314724,33.4151843,Mesa,AZ
1034,-111.8314724,33.4151843,Mesa,AZ
1079,-111.8314724,33.4151843,Mesa,AZ
1589,-111.8314724,33.4151843,Mesa,AZ
1690,-111.8085357,41.7390791,Logan Canyon,UT
57,-111.7924237,43.8231096,Rexburg,ID
601,-111.789027,33.3528264,Gilbert,AZ
1164,-111.789027,33.3528264,Gilbert,AZ
118,-111.6585337,40.2338438,Provo,UT
655,-111.654923,40.114955,Spanish Fork,UT
1321,-111.654923,40.114955,Spanish Fork,UT
1370,-111.651302,35.1982836,Flagstaff,AZ
1375,-111.651302,35.1982836,Flagstaff,AZ
1520,-111.651302,35.1982836,Flagstaff,AZ
1601,-111.5495777,33.4150485,Apache Junction,AZ
1322,-111.3873431,33.0314508,Florence,AZ
116,-111.2224422,32.436381,Marana,AZ
150,-110.926479,32.2217429,Tucson,AZ
571,-110.926479,32.2217429,Tucson,AZ
662,-110.926479,32.2217429,Tucson,AZ
930,-110.926479,32.2217429,Tucson,AZ
1035,-110.926479,32.2217429,Tucson,AZ
1396,-110.926479,32.2217429,Tucson,AZ
1511,-110.926479,32.2217429,Tucson,AZ
1554,-110.926479,32.2217429,Tucson,AZ
1597,-110.926479,32.2217429,Tucson,AZ
344,-110.9106656,33.0570085,Kearny,AZ
1237,-110.6973571,35.0241873,Winslow,AZ
110,-110.6309289,32.5997933,San Manuel,AZ
993,-110.5599556,45.6614105,Livingston,MT
746,-110.2772856,31.5455001,Sierra Vista,AZ
331,-109.9887605,40.299403,Roosevelt,UT
301,-109.9284084,31.4481547,Bisbee,AZ
66,-109.3280282,33.0508859,Morenci,AZ
379,-109.291475,34.1111581,Eagar,AZ
890,-109.291475,34.1111581,Eagar,AZ
212,-109.0603825,36.6039938,Red Valley,AZ
173,-109.0145613,40.243578,Dinosaur,CO
1540,-108.7425843,35.5280783,Gallup,NM
365,-108.5506486,39.0638705,Grand Junction,CO
1653,-108.5506486,39.0638705,Grand Junction,CO
74,-108.5006904,45.7832856,Billings,MT
1175,-108.5006904,45.7832856,Billings,MT
16,-108.3015173,45.899401,Huntley,MT
1462,-108.0911535,32.8134085,Hanover,NM
1550,-107.8742831,48.3597197,Malta,MT
910,-107.7586404,32.2686981,Deming,NM
1230,-107.5823086,34.8963194,Pueblo of Laguna,NM
103,-107.5364443,39.5727585,New Castle,CO
1479,-107.3878172,35.0344872,Laguna Pueblo,NM
794,-107.2528069,33.1284047,Truth or Consequences,NM
990,-107.2386627,41.7910697,Rawlins,WY
1387,-106.8914159,34.0583995,Socorro,NM
562,-106.7636538,32.3199396,Las Cruces,NM
1617,-106.7636538,32.3199396,Las Cruces,NM
405,-106.7333599,34.806166,Los Lunas,NM
25,-106.6055534,35.0853336,Albuquerque,NM
334,-106.6055534,35.0853336,Albuquerque,NM
568,-106.6055534,35.0853336,Albuquerque,NM
852,-106.6055534,35.0853336,Albuquerque,NM
971,-106.6055534,35.0853336,Albuquerque,NM
1074,-106.6055534,35.0853336,Albuquerque,NM
1128,-106.6055534,35.0853336,Albuquerque,NM
1310,-106.6055534,35.0853336,Albuquerque,NM
1378,-106.6055534,35.0853336,Albuquerque,NM
1390,-106.6055534,35.0853336,Albuquerque,NM
1440,-106.6055534,35.0853336,Albuquerque,NM
21,-106.4850217,31.7618778,El Paso,TX
329,-106.4850217,31.7618778,El Paso,TX
371,-106.4850217,31.7618778,El Paso,TX
586,-106.4850217,31.7618778,El Paso,TX
1083,-106.4850217,31.7618778,El Paso,TX
1288,-106.4850217,31.7618778,El Paso,TX
1340,-106.4850217,31.7618778,El Paso,TX
513,-106.313081,42.866632,Casper,WY
1452,-106.313081,42.866632,Casper,WY
256,-106.1914141,35.0614358,Edgewood,NM
1644,-105.960265,32.8995325,Alamogordo,NM
642,-105.937799,35.6869752,Santa Fe,NM
1052,-105.937799,35.6869752,Santa Fe,NM
1006,-105.877212,33.6417408,Carrizozo,NM
129,-105.6588485,33.3672525,Ruidoso,NM
362,-105.6588485,33.3672525,Ruidoso,NM
1609,-105.6588485,33.3672525,Ruidoso,NM
1488,-105.5943388,39.0897928,Park County,CO
921,-105.5911007,41.3113669,Laramie,WY
956,-105.5730665,36.4072485,Taos,NM
369,-105.5022205,44.2910915,Gillette,WY
1145,-105.4786412,39.4060536,Bailey,CO
548,-105.3822069,42.7596897,Douglas,WY
1489,-105.3822069,42.7596897,Douglas,WY
51,-105.3571764,31.1745732,Sierra Blanca,TX
304,-105.2769348,39.9324862,Eldorado Springs,CO
560,-105.2705456,40.0149856,Boulder,CO
1374,-105.2705456,40.0149856,Boulder,CO
1670,-105.2705456,40.0149856,Boulder,CO
285,-105.2253316,38.4494063,Cañon City,CO
693,-105.0866504,39.9205411,Broomfield,CO
533,-105.084423,40.5852602,Fort Collins,CO
1065,-105.084423,40.5852602,Fort Collins,CO
1623,-105.084423,40.5852602,Fort Collins,CO
1308,-105.0813734,39.7047095,Lakewood,CO
1594,-105.0813734,39.7047095,Lakewood,CO
663,-105.0749801,40.3977612,Loveland,CO
941,-105.0555389,39.7744311,Mountain View,CO
1314,-105.0372046,39.8366528,Westminster,CO
1442,-105.0372046,39.8366528,Westminster,CO
1697,-105.0372046,39.8366528,Westminster,CO
61,-104.990251,39.7392358,Denver,CO
509,-104.990251,39.7392358,Denver,CO
883,-104.990251,39.7392358,Denver,CO
905,-104.990251,39.7392358,Denver,CO
1014,-104.990251,39.7392358,Denver,CO
1136,-104.990251,39.7392358,Denver,CO
1276,-104.990251,39.7392358,Denver,CO
1627,-104.990251,39.7392358,Denver,CO
1638,-104.990251,39.7392358,Denver,CO
391,-104.9811468,39.8961821,Northglenn,CO
1223,-104.9719243,39.8680412,Thornton,CO
1182,-104.8352628,37.9452861,Colorado City,CO
34,-104.8319195,39.7294319,Aurora,CO
165,-104.8319195,39.7294319,Aurora,CO
900,-104.8319195,39.7294319,Aurora,CO
937,-104.8319195,39.7294319,Aurora,CO
966,-104.8319195,39.7294319,Aurora,CO
1347,-104.8319195,39.7294319,Aurora,CO
825,-104.8213634,38.8338816,Colorado Springs,CO
848,-104.8213634,38.8338816,Colorado Springs,CO
1454,-104.8213634,38.8338816,Colorado Springs,CO
850,-104.8205283,39.9852617,Brighton,CO
526,-104.8202462,41.1399814,Cheyenne,WY
1645,-104.7613633,39.5186002,Parker,CO
445,-104.7091322,40.4233142,Greeley,CO
1349,-104.7091322,40.4233142,Greeley,CO
731,-104.7008056,38.682219,Fountain,CO
5,-104.6921874,40.3763701,Evans,CO
1149,-104.6921874,40.3763701,Evans,CO
59,-104.6091409,38.2544472,Pueblo,CO
1229,-104.6091409,38.2544472,Pueblo,CO
1423,-104.6091409,38.2544472,Pueblo,CO
569,-104.5230242,33.3942655,Roswell,NM
1238,-104.5230242,33.3942655,Roswell,NM
311,-104.5005407,37.1694632,Trinidad,CO
666,-104.4032962,32.8423345,Artesia,NM
1544,-104.4032962,32.8423345,Artesia,NM
415,-104.3232924,39.7383163,Strasburg,CO
1176,-104.2288375,32.4206736,Carlsbad,NM
706,-103.7651984,44.3522065,Lead,SD
737,-103.3485543,32.9440077,Lovington,NM
743,-103.2310149,44.0805434,Rapid City,SD
1157,-103.2310149,44.0805434,Rapid City,SD
1115,-103.1935127,32.1131814,Jal,NM
902,-103.1598876,31.7512396,Wink,TX
1154,-103.1462899,44.0624879,Rapid Valley,SD
441,-103.1360403,32.7026116,Hobbs,NM
609,-103.1360403,32.7026116,Hobbs,NM
680,-103.1360403,32.7026116,Hobbs,NM
294,-102.9774497,41.1448219,Sidney,NE
769,-102.498757,31.8423472,West Odessa,TX
55,-102.37796,33.5873164,Levelland,TX
604,-102.3676431,31.8456816,Odessa,TX
1181,-102.3676431,31.8456816,Odessa,TX
414,-102.0779146,31.9973456,Midland,TX
911,-102.0740255,41.0630102,Big Springs,NE
749,-101.8312969,35.2219971,Amarillo,TX
960,-101.8312969,35.2219971,Amarillo,TX
1436,-101.8312969,35.2219971,Amarillo,TX
63,-101.7937669,33.1667601,Tahoka,TX
535,-101.0523773,39.3958369,Colby,KS
123,-100.8958674,29.3708857,Del Rio,TX
1078,-100.8534779,43.2327824,Rosebud,SD
1170,-100.7837392,46.8083268,Bismarck,ND
994,-100.4503797,32.2354051,Maryneal,TX
112,-99.4803241,27.5305671,Laredo,TX
844,-99.4803241,27.5305671,North Laredo,TX
1607,-99.3267702,38.8791783,Hays,KS
48,-99.154991,26.534403,Chapeno,TX
619,-99.1403189,30.0474332,Kerrville,TX
1045,-99.1403189,30.0474332,Kerrville,TX
439,-98.8208889,47.8805328,Wood Lake,ND
611,-98.7319703,29.7946641,Boerne,TX
1280,-98.6750379,30.7593452,Llano,TX
1284,-98.6286741,34.6295165,Cache,OK
429,-98.5721016,29.4200763,Bexar County,TX
26,-98.5464068,28.9180294,Jourdanton,TX
192,-98.4936282,29.4241219,San Antonio,TX
263,-98.4936282,29.4241219,San Antonio,TX
461,-98.4936282,29.4241219,San Antonio,TX
654,-98.4936282,29.4241219,San Antonio,TX
659,-98.4936282,29.4241219,San Antonio,TX
909,-98.4936282,29.4241219,San Antonio,TX
1025,-98.4936282,29.4241219,San Antonio,TX
1080,-98.4936282,29.4241219,San Antonio,TX
1155,-98.4936282,29.4241219,San Antonio,TX
1202,-98.4936282,29.4241219,San Antonio,TX
1383,-98.4936282,29.4241219,San Antonio,TX
1536,-98.4936282,29.4241219,San Antonio,TX
1701,-98.4936282,29.4241219,San Antonio,TX
770,-98.3959291,34.6035669,Lawton,OK
295,-98.3252932,26.2159066,Mission,TX
1138,-98.3252932,26.2159066,Mission,TX
493,-98.1633432,26.3017374,Edinburg,TX
669,-98.0297992,43.7094283,Mitchell,SD
1507,-97.9569845,34.7825721,Rush Springs,OK
322,-97.9364326,35.052565,Chickasha,OK
454,-97.9297743,38.0608445,Hutchinson,KS
1311,-97.8280575,29.6480061,Kingsbury,TX
455,-97.7972544,32.7592955,Weatherford,TX
867,-97.7972544,32.7592955,Weatherford,TX
870,-97.7972544,32.7592955,Weatherford,TX
1637,-97.7972544,32.7592955,Weatherford,TX
69,-97.7666999,33.4520535,Sunset,TX
53,-97.7430608,30.267153,Austin,TX
95,-97.7430608,30.267153,Austin,TX
380,-97.7430608,30.267153,Austin,TX
481,-97.7430608,30.267153,Austin,TX
482,-97.7430608,30.267153,Austin,TX
511,-97.7430608,30.267153,Austin,TX
1093,-97.7430608,30.267153,Austin,TX
1300,-97.7430608,30.267153,Austin,TX
1655,-97.7430608,30.267153,Austin,TX
1677,-97.7430608,30.267153,Austin,TX
98,-97.7258626,33.7867684,Nocona,TX
672,-97.6836384,32.9659566,Springtown,TX
1251,-97.6699996,29.8849441,Lockhart,TX
1282,-97.6642087,38.3708415,McPherson,KS
1636,-97.6597376,31.0835102,Harker Heights,TX
8,-97.6044806,38.6802826,Assaria,KS
403,-97.5458565,32.8951262,Azle,TX
1169,-97.5458565,32.8951262,Azle,TX
91,-97.5164276,35.4675602,Oklahoma City,OK
139,-97.5164276,35.4675602,Oklahoma City,OK
169,-97.5164276,35.4675602,Oklahoma City,OK
276,-97.5164276,35.4675602,Oklahoma City,OK
476,-97.5164276,35.4675602,Oklahoma City,OK
484,-97.5164276,35.4675602,Oklahoma City,OK
543,-97.5164276,35.4675602,Oklahoma City,OK
998,-97.5164276,35.4675602,Oklahoma City,OK
1379,-97.5164276,35.4675602,Oklahoma City,OK
1466,-97.5164276,35.4675602,Oklahoma City,OK
532,-97.4974838,25.9017472,Brownsville,TX
934,-97.4878023,34.2331475,Healdton,OK
386,-97.4780954,35.6528323,Edmond,OK
1152,-97.4314267,38.1383437,Hesston,KS
6,-97.4253185,35.878937,Guthrie,OK
756,-97.3967019,35.4495065,Midwest City,OK
884,-97.396381,27.8005828,Corpus Christi,TX
1071,-97.3639068,32.8601275,Saginaw,TX
1651,-97.342782,31.0982344,Temple,TX
42,-97.3307658,32.7554883,Fort Worth,TX
56,-97.3307658,32.7554883,Fort Worth,TX
303,-97.3307658,32.7554883,Fort Worth,TX
350,-97.3307658,32.7554883,Fort Worth,TX
566,-97.3307658,32.7554883,Fort Worth,TX
1106,-97.3307658,32.7554883,Fort Worth,TX
1200,-97.3307658,32.7554883,Fort Worth,TX
3,-97.330053,37.6871761,Wichita,KS
635,-97.330053,37.6871761,Wichita,KS
1641,-97.330053,37.6871761,Wichita,KS
1619,-97.3144625,33.6239966,Myra,TX
740,-97.2872402,33.1828974,Ponder,TX
88,-97.2155596,31.3865592,Lorena,TX
753,-97.1705678,32.8234621,Hurst,TX
603,-97.1466695,31.549333,Waco,TX
598,-97.1436254,34.1742611,Ardmore,OK
1056,-97.1416768,32.5631924,Mansfield,TX
939,-97.1330683,33.2148412,Denton,TX
587,-97.1080656,32.735687,Arlington,TX
938,-97.1080656,32.735687,Arlington,TX
126,-97.0819541,32.8370727,Euless,TX
1160,-97.0819541,32.8370727,Euless,TX
72,-97.0583681,36.1156071,Stillwater,OK
262,-97.0068393,35.275439,Pottawatomie County,OK
312,-97.0035982,28.8052674,Victoria,TX
914,-96.9488945,32.8140177,Irving,TX
1062,-96.9488945,32.8140177,Irving,TX
1620,-96.8645856,32.7362591,Oak Cliff,TX
279,-96.8570738,32.5896998,DeSoto,TX
406,-96.8350999,32.2619765,Ellis County,TX
1654,-96.8350999,32.2619765,Ellis County,TX
1191,-96.8291685,32.96179,Addison,TX
100,-96.7969879,32.7766642,Dallas,TX
491,-96.7969879,32.7766642,Dallas,TX
650,-96.7969879,32.7766642,Dallas,TX
715,-96.7969879,32.7766642,Dallas,TX
1040,-96.7969879,32.7766642,Dallas,TX
661,-96.76697,35.9850639,Cushing,OK
995,-96.7311034,43.5445959,Sioux Falls,SD
434,-96.7130521,32.6492999,Hutchins,TX
164,-96.6851982,40.8257625,Lincoln,NE
899,-96.6851982,40.8257625,Lincoln,NE
1474,-96.6851982,40.8257625,Lincoln,NE
1350,-96.6655688,34.8611959,Byng,OK
726,-96.6397822,33.1972465,McKinney,TX
332,-96.6388833,32.912624,Garland,TX
333,-96.6388833,32.912624,Garland,TX
1184,-96.6197416,37.8152985,Rosalia,KS
822,-96.5991593,32.7667955,Mesquite,TX
894,-96.5383228,32.6395776,Seagoville,TX
880,-96.5024916,33.8531568,Colbert,OK
1501,-96.4533193,32.4626396,Rosser,TX
837,-96.3952963,36.4142357,Hominy,OK
214,-96.2800864,34.568577,Coal County,OK
1459,-96.2571858,29.9502253,Bellville,TX
267,-96.2136136,35.9436968,Kellyville,OK
1698,-96.1600132,41.004443,Louisville,NE
274,-96.108891,36.1398102,Sand Springs,OK
38,-96.1008056,32.3665322,Mabank,TX
68,-95.9979883,41.2523634,Omaha,NE
133,-95.9979883,41.2523634,Omaha,NE
370,-95.9979883,41.2523634,Omaha,NE
456,-95.9979883,41.2523634,Omaha,NE
1059,-95.9979883,41.2523634,Omaha,NE
1265,-95.9979883,41.2523634,Omaha,NE
1367,-95.9979883,41.2523634,Omaha,NE
1656,-95.9979883,41.2523634,Omaha,NE
250,-95.992775,36.1539816,Tulsa,OK
1438,-95.992775,36.1539816,Tulsa,OK
1528,-95.992775,36.1539816,Tulsa,OK
1531,-95.992775,36.1539816,Tulsa,OK
1680,-95.992775,36.1539816,Tulsa,OK
395,-95.9832577,35.6795873,Okmulgee County,OK
865,-95.9832577,31.2152685,Leon County,TX
1076,-95.9566635,35.5145495,Schulter,OK
593,-95.9510661,29.7860643,Brookshire,TX
1465,-95.8998969,29.6931119,Fulshear,TX
1101,-95.8142885,32.1321367,Henderson County,TX
71,-95.8085623,29.5571825,Rosenberg,TX
697,-95.7697131,34.9334298,McAlester,OK
273,-95.6890185,39.0558235,Topeka,KS
1174,-95.6890185,39.0558235,Topeka,KS
400,-95.6307891,31.7621153,Palestine,TX
422,-95.6160549,30.0971621,Tomball,TX
1046,-95.5824846,35.2873206,Eufaula,OK
718,-95.555513,33.6609389,Paris,TX
1124,-95.4624548,33.6631622,Reno,TX
31,-95.4343859,29.0338575,Lake Jackson,TX
1689,-95.4171601,30.0799405,Spring,TX
698,-95.3988291,29.0246906,Clute,TX
1566,-95.3776663,45.8848164,Alexandria,MN
75,-95.3698028,29.7604267,Houston,TX
125,-95.3698028,29.7604267,Houston,TX
156,-95.3698028,29.7604267,Houston,TX
283,-95.3698028,29.7604267,Houston,TX
448,-95.3698028,29.7604267,Houston,TX
489,-95.3698028,29.7604267,Houston,TX
572,-95.3698028,29.7604267,Houston,TX
620,-95.3698028,29.7604267,Houston,TX
783,-95.3698028,29.7604267,Houston,TX
823,-95.3698028,29.7604267,Houston,TX
833,-95.3698028,29.7604267,Houston,TX
1142,-95.3698028,29.7604267,Houston,TX
1187,-95.3698028,29.7604267,Houston,TX
1188,-95.3698028,29.7604267,Houston,TX
1206,-95.3698028,29.7604267,Houston,TX
1207,-95.3698028,29.7604267,Houston,TX
1318,-95.3698028,29.7604267,Houston,TX
1391,-95.3698028,29.7604267,Houston,TX
1513,-95.3698028,29.7604267,Houston,TX
1705,-95.3698028,29.7604267,Houston,TX
40,-95.3696909,35.7478769,Muskogee,OK
1411,-95.3694116,35.9595442,Wagoner,OK
12,-95.3596617,28.9541368,Freeport,TX
1691,-95.3520876,32.8296216,Wood County,TX
925,-95.3169136,36.3084275,Pryor,OK
824,-95.2944129,36.1150237,Norwood,OK
1240,-95.1610438,30.2329914,Splendora,TX
306,-95.1441197,34.1237158,Rufe,OK
198,-95.1163261,30.805746,Onalaska,TX
244,-94.9774274,29.7355047,Baytown,TX
462,-94.969956,35.91537,Tahlequah,OK
1590,-94.969956,35.91537,Tahlequah,OK
230,-94.9271868,38.8108408,Gardner,KS
310,-94.8774554,36.8745146,Miami,OK
315,-94.7608801,35.6826766,Bunch,OK
52,-94.7404891,32.5007037,Longview,TX
657,-94.7404891,32.5007037,Longview,TX
1512,-94.7391045,34.0292764,Broken Bow,OK
407,-94.7363152,30.4471514,Fuqua,TX
1345,-94.6554874,31.6035129,Nacogdoches,TX
107,-94.6274636,39.114053,Kansas City,KS
524,-94.6274636,39.114053,Kansas City,KS
188,-94.5785667,39.0997265,Kansas City,MO
504,-94.5785667,39.0997265,Kansas City,MO
684,-94.5785667,39.0997265,Kansas City,MO
1081,-94.5785667,39.0997265,Kansas City,MO
1415,-94.5785667,39.0997265,Kansas City,MO
1110,-94.4554782,32.2429366,Beckville,TX
495,-94.4446742,39.1097268,Sugar Creek,MO
1067,-94.4446742,39.1097268,Sugar Creek,MO
537,-94.3840777,29.8202205,Winnie,TX
1236,-94.3821724,38.9108408,Lee's Summit,MO
827,-94.3692926,44.8925483,Hutchinson,MN
896,-94.3618967,39.8891658,Maysville,MO
1377,-94.3488372,38.6533445,Harrisonville,MO
1144,-94.2816148,39.0169509,Blue Springs,MO
1231,-94.2816148,39.0169509,Blue Springs,MO
1464,-94.2471515,36.0420248,Farmington,AR
1119,-94.2396554,34.5862171,Mena,AR
1687,-94.1632404,45.5579451,St. Cloud,MN
1306,-94.1574263,36.0625795,Fayetteville,AR
1168,-94.1265562,30.080174,Beaumont,TX
1435,-93.9535558,38.9991748,Odessa,MO
1418,-93.939947,29.8849504,Port Arthur,TX
1476,-93.8802273,42.0597047,Boone,IA
1639,-93.7932554,36.8242287,McDowell,MO
556,-93.7501789,32.5251516,Shreveport,LA
679,-93.7501789,32.5251516,Shreveport,LA
800,-93.7501789,32.5251516,Shreveport,LA
384,-93.7321228,32.5159852,Bossier City,LA
1109,-93.7121656,41.6266555,Urbandale,IA
1243,-93.7102493,46.5330129,Aitkin,MN
1165,-93.6910292,34.659264,Sims,AR
632,-93.6221657,47.2640071,Cohasset,MN
14,-93.6091064,41.6005448,Des Moines,IA
424,-93.6091064,41.6005448,Des Moines,IA
1118,-93.4801942,37.1200526,Republic,MO
546,-93.4555093,45.0105194,Plymouth,MN
893,-93.4379639,36.5636755,Lampe,MO
62,-93.3866185,45.0380201,New Hope,MN
35,-93.2982799,44.840798,Bloomington,MN
744,-93.2938352,45.8769031,Mora,MN
120,-93.2922989,37.2089572,Springfield,MO
832,-93.2922989,37.2089572,Springfield,MO
889,-93.2922989,37.2089572,Springfield,MO
1204,-93.2777226,44.7677424,Burnsville,MN
1706,-93.2777226,44.7677424,Burnsville,MN
864,-93.2650108,44.977753,Minneapolis,MN
347,-93.2632821,45.0860765,Fridley,MN
886,-93.2474098,45.0481968,Columbia Heights,MN
997,-93.2323813,30.512699,Ragley,LA
378,-93.2282613,38.7044609,Sedalia,MO
767,-93.2173758,30.2265949,Lakes Charles,LA
891,-93.2060163,37.0208865,Ozark,MO
1050,-93.1732401,34.5720347,Mountain Pine,AR
1629,-93.1668858,44.8041322,Eagan,MN
1506,-93.166333,44.9916323,Falcon Heights,MN
1100,-93.1566107,45.0060767,Roseville,MN
1331,-93.0924093,37.6439289,Buffalo,MO
27,-93.0899578,44.9537029,St. Paul,MN
196,-93.0899578,44.9537029,St. Paul,MN
732,-93.0899578,44.9537029,St. Paul,MN
1341,-93.0899578,44.9537029,St. Paul,MN
1381,-93.0899578,44.9537029,St. Paul,MN
1298,-92.8026673,35.0048102,Perryville,AR
705,-92.4451371,31.3112936,Alexandria,LA
251,-92.4343035,31.3224044,Pineville,LA
37,-92.3813621,30.7821781,Evangeline Parish,LA
18,-92.3566861,33.1073435,Strong,AR
151,-92.3340724,38.9517053,Columbia,MO
284,-92.3340724,38.9517053,Columbia,MO
1704,-92.2895948,34.7464809,Little Rock,AR
1484,-92.2236667,32.4271852,Ouachita Parish,LA
831,-92.0662356,31.1279652,Marksville,LA
364,-92.0165336,34.974532,Cabot,AR
1090,-91.9837552,34.9984206,Austin,AR
20,-91.9690284,34.5442609,England,AR
1043,-91.9540054,30.5601953,Port Barre,LA
963,-91.8992837,30.2735323,Breaux Bridge,LA
696,-91.8382273,41.4641806,Wellman,IA
1495,-91.8187285,30.0035365,New Iberia,LA
973,-91.720681,32.1632079,Winnsboro,LA
796,-91.6656232,41.9778795,Cedar Rapids,IA
1673,-91.6656232,41.9778795,Cedar Rapids,IA
985,-91.5015002,29.7960399,Franklin,LA
1267,-91.4407146,44.8757937,Lake Hallie,WI
1485,-91.314535,40.6297634,Fort Madison,IA
1360,-91.1604207,38.2081045,Sullivan,MO
176,-91.1403196,30.4582829,Baton Rouge,LA
736,-91.1403196,30.4582829,Baton Rouge,LA
1108,-91.1403196,30.4582829,Baton Rouge,LA
1140,-91.1403196,30.4582829,Baton Rouge,LA
1502,-91.1403196,30.4582829,Baton Rouge,LA
1530,-91.1403196,30.4582829,Baton Rouge,LA
28,-91.135302,38.3953601,Franklin County,MO
9,-91.1128901,40.8076529,Burlington,IA
974,-90.9781585,30.6937955,Pride,LA
134,-90.9562125,30.4868564,Denham Springs,LA
559,-90.7195348,29.5957696,Houma,LA
280,-90.704279,35.8422967,Jonesboro,AR
248,-90.5787476,41.5094771,Rock Island,IL
771,-90.4406506,31.5790588,Brookhaven,MS
838,-90.3351164,38.538664,Lakeshire,MO
195,-90.3164819,31.3815627,Ruth,MS
290,-90.2603903,38.7192175,Jennings,MO
49,-90.1994042,38.6270025,St. Louis,MO
80,-90.1994042,38.6270025,St. Louis,MO
149,-90.1994042,38.6270025,St Louis,MO
622,-90.1994042,38.6270025,St. Louis,MO
917,-90.1994042,38.6270025,St. Louis,MO
1030,-90.1994042,38.6270025,St. Louis,MO
1295,-90.1994042,38.6270025,St. Louis,MO
1647,-90.1994042,38.6270025,St. Louis,MO
278,-90.1842764,38.8906038,Alton,IL
561,-90.1670393,35.8800733,Manila,AR
1546,-90.1528519,29.9840922,Metairie,LA
1457,-90.1517605,34.9578727,Walls,MS
1515,-90.1506465,38.624514,East St. Louis,IL
1211,-90.1009108,30.4754702,Covington,LA
1384,-90.0928852,38.6350501,Washington Park,IL
260,-90.0772944,29.9035387,Harvey,LA
346,-90.0772944,29.9035387,Harvey,LA
15,-90.0715323,29.9510658,New Orleans,LA
213,-90.0715323,29.9510658,New Orleans,LA
320,-90.0715323,29.9510658,New Orleans,LA
552,-90.0715323,29.9510658,New Orleans,LA
942,-90.0715323,29.9510658,New Orleans,LA
1094,-90.0715323,29.9510658,New Orleans,LA
795,-90.0656311,30.3582506,Mandeville,LA
1332,-90.0539603,29.9146493,Gretna,LA
89,-90.0489801,35.1495343,Memphis,TN
180,-90.0489801,35.1495343,Memphis,TN
531,-90.0489801,35.1495343,Memphis,TN
1051,-90.0489801,35.1495343,Memphis,TN
1666,-90.0489801,35.1495343,Memphis,TN
102,-90.0466559,35.0277933,Whitehaven,TN
1461,-89.9839935,38.5200504,Belleville,IL
701,-89.9635162,29.942783,Chalmette,LA
1225,-89.9089684,35.2120652,Raleigh,TN
711,-89.7811745,30.2751945,Slidell,LA
1319,-89.6662063,37.3822732,Jackson,MO
542,-89.6384532,42.6011194,Monroe,WI
1320,-89.6301221,44.9591352,Wausau,WI
167,-89.4012302,43.0730517,Madison,WI
1486,-89.4012302,43.0730517,Madison,WI
1304,-89.1523353,45.140245,Antigo,WI
1020,-89.1428573,37.8331059,Hurst,IL
1325,-89.1172883,35.7847949,Alamo,TN
357,-89.0939952,42.2711311,Rockford,IL
144,-89.0928155,30.3674198,Gulfport,MS
1543,-89.0772092,44.1521559,Pine River,WI
1185,-88.9645253,40.1536479,Clinton,IL
321,-88.9331256,37.7306054,Marion,IL
1277,-88.9200685,37.9967163,Benton,IL
944,-88.9158953,35.8197917,Humboldt,TN
1178,-88.8853078,30.3960318,Biloxi,MS
1342,-88.8680853,30.4379758,St. Martin,MS
857,-88.864698,35.9969735,Gibson County,TN
1576,-88.837329,43.4577692,Beaver Dam,WI
1613,-88.7398256,44.3927582,New London,WI
249,-88.7319979,37.1511655,Metropolis,IL
1650,-88.7319979,37.1511655,Metropolis,IL
1425,-88.7033859,34.2576066,Tupelo,MS
1446,-88.7033859,34.2576066,Tupelo,MS
1161,-88.6116854,30.385755,Gautier,MS
154,-88.5980785,30.771023,Barton,MS
983,-88.5900235,30.9251869,Lucedale,MS
109,-88.5745001,35.987286,McLemoresville,TN
916,-88.462609,44.1858193,Neenah,WI
1008,-88.4597673,42.6386048,Geneva,WI
223,-88.4470508,43.7730448,Fond du Lac,WI
786,-88.4272627,33.4956744,Columbus,MS
1148,-88.405096,42.7852922,East Troy,WI
1356,-88.4004301,37.5471144,Shawnee National Forest,IL
816,-88.391154,34.0701074,Smithville,MS
22,-88.3064367,39.684755,Arcola,IL
1596,-88.2735399,35.0422751,Counce,TN
712,-88.2461183,31.3422346,Washington County,AL
114,-88.1900415,34.8117565,Iuka,MS
1130,-88.1900415,34.8117565,Iuka,MS
1492,-88.1667599,43.3238919,Jackson,WI
578,-88.1558785,40.3083672,Rantoul,IL
1692,-88.1291387,35.595087,Decatur County,TN
808,-88.1050853,42.5775187,Paddock Lake,WI
1286,-88.0956396,42.4772418,Antioch,IL
1646,-88.0934145,42.353355,Round Lake,IL
157,-88.0817251,41.525031,Joilet,IL
765,-88.0747875,41.801141,Lisle,IL
683,-88.0701033,44.4822137,Ashwaubenon,WI
1431,-88.0398912,30.6953657,Mobile,AL
138,-88.019826,44.519159,Green Bay,WI
580,-88.0125865,42.9614039,Greenfield,WI
522,-88.0075875,43.0494572,Wauwatosa,WI
1460,-88.0075875,43.0494572,Wauwatosa,WI
1439,-87.9909531,45.6352391,Pembine,WI
162,-87.9064736,43.0389025,Milwaukee,WI
1333,-87.9064736,43.0389025,Milwaukee,WI
1537,-87.9064736,43.0389025,Milwaukee,WI
1592,-87.9064736,43.0389025,Milwaukee,WI
699,-87.8819594,37.1092162,Princeton,KY
253,-87.8328505,42.4461322,Zion,IL
1005,-87.8328505,42.4461322,Zion,IL
194,-87.8211854,42.5847425,Kenosha,WI
512,-87.8139483,41.8978091,River Forest,IL
184,-87.7730474,30.8829628,Bay Minette,AL
1527,-87.71453,43.7508284,Sheboygan,WI
1419,-87.6876933,46.6086225,Ishpeming Township,MI
751,-87.6675292,34.7448112,Muscle Shoals,AL
359,-87.6467131,41.6100344,Harvey,IL
288,-87.6297982,41.8781136,Chicago,IL
446,-87.6297982,41.8781136,Chicago,IL
501,-87.6297982,41.8781136,Chicago,IL
507,-87.6297982,41.8781136,Chicago,IL
660,-87.6297982,41.8781136,Chicago,IL
734,-87.6297982,41.8781136,Chicago,IL
752,-87.6297982,41.8781136,Chicago,IL
980,-87.6297982,41.8781136,Chicago,IL
981,-87.6297982,41.8781136,Chicago,IL
1064,-87.6297982,41.8781136,Chicago,IL
1197,-87.6297982,41.8781136,Chicago,IL
1212,-87.6297982,41.8781136,Chicago,IL
1275,-87.6297982,41.8781136,Chicago,IL
1343,-87.6297982,41.8781136,Chicago,IL
1533,-87.6297982,41.8781136,Chicago,IL
1553,-87.6297982,41.8781136,Chicago,IL
1475,-87.607268,41.6389236,Dolton,IL
1199,-87.5710898,37.9715592,Evansville,IN
627,-87.5691735,33.2098407,Tuscaloosa,AL
820,-87.5519628,35.5478513,Hohenwald,TN
1382,-87.538931,41.5647575,Lansing,IL
141,-87.4139092,39.4667034,Terre Haute,IN
710,-87.3877899,36.0770048,Dickson,TN
1213,-87.3836095,37.183655,White Plains,KY
776,-87.3247077,31.5279399,Monroeville,AL
209,-87.3016132,34.567428,Lawrence County,AL
368,-87.1111676,37.7719074,Owensboro,KY
1682,-87.1111676,37.7719074,Owensboro,KY
1007,-87.1023746,37.7307984,Daviess County,KY
216,-87.069919,39.5349663,Harmony,IN
1085,-87.0396881,30.6324149,Milton,FL
427,-87.0352831,35.6150716,Columbia,TN
1510,-87.0211007,32.4073589,Selma,AL
268,-86.9123217,30.4109342,Navarre,FL
1198,-86.887219,36.8453199,Russellville,KY
269,-86.8789044,40.8678171,Monon,IN
185,-86.8113781,33.4053867,Hoover,AL
128,-86.80249,33.5206608,Birmingham,AL
1416,-86.80249,33.5206608,Birmingham,AL
1455,-86.80249,33.5206608,Birmingham,AL
127,-86.8008228,33.4717732,Homewood,AL
1558,-86.8008228,33.4717732,Homewood,AL
327,-86.7816016,36.1626638,Nashville,TN
398,-86.7816016,36.1626638,Nashville,TN
1696,-86.7816016,36.1626638,Nashville,TN
874,-86.7416374,42.0320742,Berrien County,MI
440,-86.6294262,32.8387371,Clanton,AL
1047,-86.6294262,32.8387371,Clanton,AL
647,-86.6199957,36.3047735,Hendersonville,TN
670,-86.6199914,38.5489431,French Lick,IN
1448,-86.6170308,30.4200708,Fort Walton Beach,FL
381,-86.5861037,34.7303688,Huntsville,AL
1444,-86.5861037,34.7303688,Huntsville,AL
1685,-86.5861037,34.7303688,Huntsville,AL
1044,-86.5722154,34.8514782,Meridianville,AL
638,-86.4958219,34.3181497,Arab,AL
1518,-86.4895463,42.0938577,St. Joseph,MI
722,-86.482172,30.5168639,Niceville,FL
1296,-86.4755431,34.1620404,Brooksville,AL
1622,-86.4602717,35.483406,Shelbyville,TN
137,-86.3619163,32.4798575,Millbrook,AL
1150,-86.2999689,32.3668052,Montgomery,AL
924,-86.2938637,37.4800544,Leitchfield,KY
527,-86.2555067,31.2826685,Opp,AL
583,-86.2549901,36.3558822,Antioch,TN
1156,-86.2544223,33.8370433,Ashville,AL
694,-86.2516406,33.1731716,Sylacauga,AL
33,-86.158068,39.768403,Indianapolis,IN
130,-86.158068,39.768403,Indianapolis,IN
259,-86.158068,39.768403,Indianapolis,IN
275,-86.158068,39.768403,Indianapolis,IN
453,-86.158068,39.768403,Indianapolis,IN
597,-86.158068,39.768403,Indianapolis,IN
689,-86.158068,39.768403,Indianapolis,IN
926,-86.158068,39.768403,Indianapolis,IN
931,-86.158068,39.768403,Indianapolis,IN
1388,-86.158068,39.768403,Indianapolis,IN
1541,-86.158068,39.768403,Indianapolis,IN
431,-86.1336033,40.486427,Kokomo,IN
1545,-86.1280417,35.2706372,Estill Springs,TN
418,-86.0899847,39.7219884,Beech Grove,IN
1032,-86.0419169,33.9548201,Rainbow City,AL
1389,-86.0187907,33.6070215,Eastaboga,AL
240,-85.8649408,37.7030646,Elizabethtown,KY
496,-85.8649408,37.7030646,Elizabethtown,KY
1429,-85.8124723,37.1008864,Hiseville,KY
714,-85.7769238,39.5214373,Shelbyville,IN
105,-85.7635692,32.831238,Dadeville,AL
433,-85.7584557,38.2526647,Louisville,KY
579,-85.7584557,38.2526647,Louisville,KY
792,-85.7584557,38.2526647,Louisville,KY
1097,-85.7584557,38.2526647,Louisville,KY
1580,-85.7584557,38.2526647,Louisville,KY
73,-85.7053085,42.9133602,Wyoming,MI
1663,-85.7053085,42.9133602,Wyoming,MI
292,-85.6602058,30.1588129,Panama City,FL
799,-85.6447492,42.8694731,Kentwood,MI
1268,-85.6447492,42.8694731,Kentwood,MI
1278,-85.618544,30.9821261,Noma,FL
1193,-85.6113501,33.9245454,Piedmont,AL
355,-85.5800022,42.2011538,Portage,MI
614,-85.4735707,38.7142263,Hanover,IN
1281,-85.4641421,35.9258985,Sparta,TN
576,-85.3863599,40.1933767,Muncie,IN
1285,-85.3863599,40.1933767,Muncie,IN
1407,-85.3863599,40.1933767,Muncie,IN
826,-85.3782795,32.6454116,Opelika,AL
821,-85.3705186,36.7903399,Burkesville,KY
525,-85.3096801,35.0456297,Chattanooga,TN
648,-85.3096801,35.0456297,Chattanooga,TN
932,-85.3096801,35.0456297,Chattanooga,TN
739,-85.2860676,34.9831309,Rossville,GA
1066,-85.2860676,34.9831309,Rossville,GA
764,-85.2515482,43.443107,Cato Township,MI
1615,-85.2256635,34.9947441,East Ridge,TN
520,-85.1469835,44.1025148,Marion,MI
1406,-85.1454876,31.8912717,Eufaula,AL
432,-85.1393513,41.079273,Fort Wayne,IN
1216,-85.1393513,41.079273,Fort Wayne,IN
392,-85.0766113,33.5801103,Carrollton,GA
1063,-85.0007653,32.4709761,Phenix City,AL
866,-84.981754,34.8033566,Whitfield County,GA
1386,-84.9243663,30.707692,Sneads,FL
878,-84.8984775,33.9142037,Paulding County,GA
148,-84.8776392,42.729993,Roxand Township,MI
772,-84.7999382,34.1650972,Cartersville,GA
1491,-84.7999382,34.1650972,Cartersville,GA
1399,-84.7996573,33.3806716,Newnan,GA
962,-84.7477136,33.7514966,Douglasville,GA
539,-84.7452138,34.2828722,White,GA
871,-84.7249188,31.4398976,Arlington,GA
135,-84.683824,33.8595491,Powder Springs,GA
1009,-84.6768796,34.0659329,Acworth,GA
121,-84.6688348,42.5642907,Eaton Rapids Township,MI
293,-84.6616105,37.8620226,Wilmore,KY
1443,-84.6055076,41.5844951,Montpelier,OH
585,-84.6046663,39.0125608,Elsmere,KY
1293,-84.5824329,33.8187167,Mableton,GA
895,-84.5702338,40.5489358,Celina,OH
1057,-84.564147,33.8999297,Cobb County,GA
1618,-84.5613355,39.3995008,Hamilton,OH
1583,-84.5588311,38.2097967,Georgetown,KY
975,-84.5555347,42.732535,Lansing,MI
968,-84.5474435,39.0925597,Ludlow,KY
226,-84.5143761,33.8839926,Smyrna,GA
423,-84.5120196,39.1031182,Cincinnati,OH
444,-84.5120196,39.1031182,Cincinnati,OH
1013,-84.5120196,39.1031182,Cincinnati,OH
1120,-84.5120196,39.1031182,Cincinnati,OH
1577,-84.5120196,39.1031182,Cincinnati,OH
536,-84.5091102,39.1214868,Mt. Auburn,OH
810,-84.5049279,34.5092562,Talking Rock,GA
707,-84.4847316,43.8822464,Beaverton,MI
1574,-84.4393724,33.6795531,East Point,GA
708,-84.4138259,37.4042496,Brodhead,KY
1357,-84.4132594,33.5726113,Riverdale,GA
175,-84.3879824,33.7489954,Atlanta,GA
325,-84.3879824,33.7489954,Atlanta,GA
901,-84.3879824,33.7489954,Atlanta,GA
1313,-84.3879824,33.7489954,Atlanta,GA
1458,-84.3879824,33.7489954,Atlanta,GA
1400,-84.2963223,37.568694,Berea,KY
553,-84.2963123,33.7748275,Decatur,GA
1472,-84.2910759,42.1142112,Columbia Township,MI
84,-84.2807329,30.4382559,Tallahassee,FL
205,-84.2807329,30.4382559,Tallahassee,FL
1054,-84.2560299,35.7972998,Lenoir City,TN
1192,-84.2560299,35.7972998,Lenoir City,TN
1355,-84.2338093,33.5442781,Stockbridge,GA
1414,-84.2338093,33.5442781,Stockbridge,GA
545,-84.1916069,39.7589478,Dayton,OH
1287,-84.1916069,39.7589478,Dayton,OH
514,-84.170196,33.8081608,Stone Mountain,GA
1661,-84.155741,31.5785074,Albany,GA
1166,-84.1177098,37.1895318,East Berstadt,KY
1139,-84.0193789,39.8208925,Fairborn,OH
341,-83.9879625,33.9562149,Lawrenceville,GA
1246,-83.9660209,33.2945651,Jackson,GA
1082,-83.9532571,39.184736,Perry Township,OH
695,-83.9419784,35.9874629,West Knox,TN
955,-83.9207392,35.9606384,Knoxville,TN
77,-83.8888647,43.5944677,Bay City,MI
1483,-83.8888138,36.8664765,Barbourville,KY
506,-83.8601827,33.5967815,Covington,GA
145,-83.8354542,31.5307349,Sylvester,GA
1470,-83.8240663,34.2978794,Gainesville,GA
1640,-83.7411631,41.6898955,Sylvania Township,OH
785,-83.6986568,34.0142667,Barrow County,GA
421,-83.6499321,41.04422,Findlay,OH
1018,-83.561835,35.8681455,Sevierville,TN
608,-83.555212,41.6639383,Toledo,OH
136,-83.5248933,34.6125971,Clarkesville,GA
954,-83.4688204,41.607272,Northwood,OH
1121,-83.4571057,34.203997,Commerce,GA
1516,-83.3965994,42.2222614,Romulus,MI
465,-83.3815429,35.1823171,Franklin,NC
335,-83.3562912,37.3478702,Chavies,KY
1478,-83.3546098,32.3868278,Cochran,GA
477,-83.2948922,36.2139814,Morristown,TN
623,-83.2827093,42.5793103,Bloomfield Township,MI
264,-83.2784851,30.8327022,Valdosta,GA
1042,-83.2784851,30.8327022,Valdosta,GA
1023,-83.2218731,42.4733688,Southfield,MI
387,-83.2187677,33.3276362,Rockville,GA
393,-83.1782587,42.1394858,Trenton,MI
972,-83.1763145,42.3222599,Dearborn,MI
1055,-83.1763145,42.3222599,Dearborn,MI
1365,-83.1013964,37.3352367,Fisty,KY
239,-83.0565679,39.05007,Jasper,OH
318,-83.0457538,42.331427,Detroit,MI
377,-83.0457538,42.331427,Detroit,MI
1571,-83.0457538,42.331427,Detroit,MI
13,-82.9987942,39.9611755,Columbus,OH
67,-82.9987942,39.9611755,Columbus,OH
217,-82.9987942,39.9611755,Columbus,OH
778,-82.9987942,39.9611755,Columbus,OH
819,-82.9987942,39.9611755,Columbus,OH
885,-82.9987942,39.9611755,Columbus,OH
1089,-82.9987942,39.9611755,Columbus,OH
1104,-82.9987942,39.9611755,Columbus,OH
1409,-82.9987942,39.9611755,Columbus,OH
1487,-82.9987942,39.9611755,Columbus,OH
1675,-82.9987942,39.9611755,Columbus,OH
557,-82.9532036,34.6856555,Seneca,SC
1584,-82.9460133,39.600618,Circleville,OH
44,-82.9259979,37.547597,Gunlock,KY
802,-82.8823826,37.2726002,Pine Top,KY
83,-82.8498654,31.5088073,Douglas,GA
625,-82.8373558,35.5328838,Canton,NC
172,-82.7342919,35.2334472,Brevard,NC
1469,-82.6995443,27.8428025,Pinellas Park,FL
361,-82.6267345,27.7518284,St. Petersburg,FL
1337,-82.6267345,27.7518284,St. Petersburg,FL
1572,-82.605118,36.6815794,Scott County,VA
1113,-82.5748194,27.4989278,Bradenton,FL
1678,-82.5728769,28.5155513,Weeki Wachi,FL
1493,-82.5514869,35.5950581,Asheville,NC
319,-82.5154471,40.75839,Mansfield,OH
243,-82.5131717,28.0544223,Carollwood,FL
1659,-82.4765352,36.4198258,Gray,TN
1242,-82.4645714,34.7023389,Piedmont,SC
1586,-82.4645714,34.7023389,Piedmont,SC
813,-82.4571776,27.950575,Tampa,FL
1177,-82.4571776,27.950575,Tampa,FL
1205,-82.4571776,27.950575,Tampa,FL
1235,-82.4571776,27.950575,Tampa,FL
1635,-82.4571776,27.950575,Tampa,FL
147,-82.4559598,34.6423372,Pelzer,SC
1307,-82.4220631,35.2801166,East Flat Rock,NC
1326,-82.3940104,34.8526176,Greenville,SC
970,-82.3878709,28.5552719,Brooksville,FL
1000,-82.3534727,36.3134397,Johnson City,TN
875,-82.345189,27.4799195,Manatee,FL
1467,-82.3264809,27.8661364,Riverview,FL
1217,-82.3248262,29.6516344,Gainesville,FL
644,-82.3023128,28.0614065,Thonotosassa,FL
768,-82.2962268,34.9203946,Taylors,SC
927,-82.2962268,34.9203946,Taylors,SC
555,-82.2798227,29.504692,Micanopy,FL
412,-82.2359254,27.044224,North Port,FL
1126,-82.2106876,36.3487196,Elizabethton,TN
1490,-82.1892795,35.1751148,Landrum,SC
1494,-82.1887444,36.5951059,Bristol,TN
1559,-82.1531954,37.5144292,Phelps,KY
1077,-82.1400923,29.1871986,Ocala,FL
1233,-82.0990223,37.2778886,Grundy,VA
807,-82.0131924,39.9403453,Zanesville,OH
451,-82.0105148,33.4734978,Augusta,GA
271,-81.9817726,35.046508,Boiling Springs,SC
166,-81.9592635,29.7366333,Putnam Hall,FL
1686,-81.9567716,35.3692877,Rutherfordton,NC
142,-81.9498042,28.0394654,Lakeland,FL
1664,-81.9498042,28.0394654,Lakeland,FL
805,-81.9495331,26.5628537,Cape Coral,FL
1408,-81.9495331,26.5628537,Cape Coral,FL
282,-81.9320482,34.9495672,Spartanburg,SC
843,-81.9320482,34.9495672,Spartanburg,SC
1344,-81.8953647,29.494415,Hog Valley,FL
518,-81.8867451,28.5783313,Mascotte,FL
541,-81.8853924,31.6074365,Jesup,GA
570,-81.8440197,38.4148146,Nitro,WV
1524,-81.8214871,30.0491293,Lake Asbury,FL
773,-81.7948103,26.1420358,Naples,FL
720,-81.7886906,28.0652975,Auburndale,FL
314,-81.7728543,28.5494447,Clermont,FL
780,-81.7229086,41.4047742,Parma,OH
854,-81.7195533,33.5604168,Aiken,SC
179,-81.6943605,41.49932,Cleveland,OH
210,-81.6943605,41.49932,Cleveland,OH
923,-81.6943605,41.49932,Cleveland,OH
206,-81.655651,30.3321838,Jacksonville,FL
352,-81.655651,30.3321838,Jacksonville,FL
470,-81.655651,30.3321838,Jacksonville,FL
637,-81.655651,30.3321838,Jacksonville,FL
817,-81.655651,30.3321838,Jacksonville,FL
1352,-81.655651,30.3321838,Jacksonsville,FL
1373,-81.655651,30.3321838,Jacksonville,FL
626,-81.6395732,39.5478509,Beverly,OH
1453,-81.5631474,35.4140187,Lawndale,NC
1600,-81.5389849,35.9140196,Lenoir,NC
733,-81.5190053,41.0814447,Akron,OH
755,-81.5190053,41.0814447,Akron,OH
1688,-81.5190053,41.0814447,Akron,OH
920,-81.5101208,41.5528288,Richmond Heights,OH
367,-81.4831714,40.9458898,Green,OH
498,-81.4718387,36.4339674,Ashe County,NC
665,-81.4401129,41.3125552,Twinsburg,OH
719,-81.420901,29.1872023,Barberville,FL
1070,-81.4174057,26.4185248,Immokalee,FL
1579,-81.4123229,34.1962557,Little Mountain,SC
859,-81.3906678,32.173813,Eden,GA
85,-81.3792365,28.5383355,Orlando,FL
529,-81.3792365,28.5383355,Orlando,FL
1036,-81.3792365,28.5383355,Orlando,FL
1324,-81.3792365,28.5383355,Orlando,FL
1334,-81.3792365,28.5383355,Orlando,FL
1427,-81.3792365,28.5383355,Orlando,FL
1621,-81.3792365,28.5383355,Orlando,FL
952,-81.3578859,41.1536674,Kent,OH
1657,-81.3509532,38.8020322,Spencer,WV
351,-81.3124341,29.9012437,St. Augustine,FL
356,-81.3124341,29.9012437,St. Augustine,FL
1392,-81.3031179,29.028318,Deland,FL
1028,-81.2684485,39.1909105,Petroleum,WV
160,-81.2636738,28.9005446,Deltona,FL
965,-81.2636738,28.9005446,Deltona,FL
1669,-81.2525993,37.3540054,Montcalm,WV
97,-81.2518833,28.4844995,Orange County,FL
664,-81.2223195,37.2698395,Bluefield,WV
1102,-81.2117473,35.5756889,Maiden,NC
119,-81.2078164,35.2895651,Gaston County,NC
728,-81.2078164,36.6721195,Grayson County,VA
1563,-81.2000987,33.8615392,Edmund,SC
745,-81.1881557,37.7781702,Beckley,WV
93,-81.1873005,35.262082,Gastonia,NC
197,-81.1873005,35.262082,Gastonia,NC
595,-81.1873005,35.262082,Gastonia,NC
298,-81.1831513,34.0859829,Irmo,SC
558,-81.1831513,34.0859829,Irmo,SC
950,-81.1761895,35.3165257,Dallas,NC
949,-81.1642682,37.8953906,Mount Hope,WV
177,-81.163168,32.149092,Port Wentworth,GA
1354,-81.1625612,28.8461019,Osteen,FL
1582,-81.1606401,36.1459649,Wilkesboro,NC
814,-81.0998342,32.0835407,Savannah,GA
1449,-81.0806665,32.2871413,Hardeeville,SC
869,-81.0739827,33.9657091,Cayce,SC
519,-80.955924,41.3083893,Southington,OH
449,-80.9411858,36.2184669,Ronda,NC
1422,-80.8986502,35.8310501,Iredell County,NC
1041,-80.8872959,35.7826363,Statesville,NC
1599,-80.8653661,41.6047773,Rome,OH
1086,-80.8644667,36.0234316,Union Grove,NC
471,-80.8542568,37.8590061,Meadow Bridge,WV
124,-80.8431267,35.2270869,Charlotte,NC
977,-80.8431267,35.2270869,Charlotte,NC
996,-80.8431267,35.2270869,Charlotte,NC
1001,-80.8431267,35.2270869,Charlotte,NC
1294,-80.8431267,35.2270869,Charlotte,NC
1402,-80.8431267,35.2270869,Charlotte,NC
1605,-80.8431267,35.2270869,Charlotte,NC
1695,-80.8431267,35.2270869,Charlotte,NC
1662,-80.8075537,28.6122187,Titusville,FL
339,-80.7797935,37.0478982,Pulaski,VA
390,-80.7709014,34.7204257,Lancaster,SC
174,-80.7419984,28.3861159,Cocoa,FL
436,-80.7419984,28.3861159,Cocoa,FL
845,-80.7214417,38.7023371,Braxton County,WV
1029,-80.6675577,26.6845104,Belle Glade,FL
416,-80.6081089,28.0836269,Melbourne,FL
193,-80.5959065,40.3275693,Follansbee,WV
1335,-80.5895167,40.4189566,Weirton,WV
131,-80.5886646,28.0344621,Palm Bay,FL
1159,-80.5886646,28.0344621,Palm Bay,FL
1567,-80.5886646,28.0344621,Palm Bay,FL
523,-80.4775569,25.4687224,Homestead,FL
1297,-80.4775569,25.4687224,Homestead,FL
551,-80.4331116,36.3293051,Pinnacle,NC
1693,-80.3582261,27.2730492,Port St. Lucie,FL
233,-80.3256056,27.4467056,Fort Pierce,FL
876,-80.3256056,27.4467056,Fort Pierce,FL
1302,-80.3256056,27.4467056,Fort Pierce,FL
1456,-80.2683571,26.6617635,Wellington,FL
1523,-80.2645069,34.993766,Peachland,NC
873,-80.2503271,25.9023168,Opa-Locka,FL
113,-80.2456045,25.9420377,Miami Gardens,FL
1380,-80.2456045,25.9420377,Miami Gardens,FL
678,-80.2377078,25.7776438,Little Havana,FL
510,-80.2331036,26.1275862,Plantation,FL
1535,-80.2320276,38.9939872,Buckhannon,WV
281,-80.1917902,25.7616798,Miami,FL
428,-80.1917902,25.7616798,Miami,FL
646,-80.1917902,25.7616798,Miami,FL
703,-80.1917902,25.7616798,Miami,FL
730,-80.1917902,25.7616798,Miami,FL
741,-80.1917902,25.7616798,Miami,FL
777,-80.1917902,25.7616798,Miami,FL
868,-80.1917902,25.7616798,Miami,FL
915,-80.1917902,25.7616798,Miami,FL
1221,-80.1917902,25.7616798,Miami,FL
1315,-80.1917902,25.7616798,Miami,FL
1366,-80.1917902,25.7616798,Miami,FL
1203,-80.1875065,34.9054732,Anson County,NC
594,-80.1756481,33.0185039,Summerville,SC
1371,-80.148379,25.9812024,Hallandale Beach,FL
1368,-80.1428584,34.6830936,Chesterfield County,SC
789,-80.1386547,26.8233946,Palm Beach Gardens,FL
54,-80.1373174,26.1224386,Fort Lauderdale,FL
372,-80.1373174,26.1224386,Ft. Lauderdale,FL
540,-80.1319893,26.1723065,Oakland Park,FL
475,-80.1300455,25.790654,Miami Beach,FL
426,-80.1247667,26.2378597,Pompano Beach,FL
1668,-80.1247667,26.2378597,Pompano Beach,FL
842,-80.0767266,34.9682097,Wadesboro,NC
758,-80.0533746,26.7153424,West Palm Beach,FL
839,-80.0325867,32.9810059,Goose Creek,SC
452,-79.9958864,40.4406248,Pittsburgh,PA
254,-79.9748103,32.8546197,North Charleston,SC
373,-79.9748103,32.8546197,North Charleston,SC
1498,-79.9748103,32.8546197,North Charleston,SC
640,-79.9719831,35.914581,Archdale,NC
410,-79.9558968,39.629526,Morgantown,WV
836,-79.9558968,39.629526,Morgantown,WV
1628,-79.9558968,39.629526,Morgantown,WV
1153,-79.9414266,37.2709704,Roanoke,VA
375,-79.9310512,32.7764749,Charleston,SC
1394,-79.9069847,36.4665269,Stoneville,NC
1069,-79.8819942,40.4417355,Wilkinsburg,PA
1022,-79.8467349,38.9259397,Elkins,WV
1189,-79.7919754,36.0726354,Greensboro,NC
1565,-79.7553451,33.8709958,Lake City,SC
1015,-79.6614376,40.3840734,Penn Township,PA
913,-79.5800421,39.8145204,Mount Washington,PA
1220,-79.5447619,40.2784029,South Greensburg,PA
227,-79.4492228,33.8179432,Johnsonville,SC
1053,-79.4311616,34.3371047,Latta,SC
376,-79.0780831,40.008411,Somerset,PA
957,-78.9750189,37.3426444,Concord,VA
862,-78.9728056,35.1679395,Spring Lake,NC
1163,-78.9219698,40.3267407,Johnstown,PA
674,-78.898619,35.9940329,Durham,NC
547,-78.8866943,33.6890603,Myrtle Beach,SC
1234,-78.8866943,33.6890603,Myrtle Beach,SC
713,-78.8689155,38.4495688,Harrisonburg,VA
237,-78.7686297,39.5031465,Fort Ashby,WV
1167,-78.744572,42.9026136,Cheektowaga,NY
201,-78.726407,34.6568361,Dublin,NC
1158,-78.6381787,35.7795897,Raleigh,NC
1630,-78.6381787,35.7795897,Raleigh,NC
340,-78.5097228,35.9798734,Wake Forest,NC
631,-78.5097228,35.9798734,Wake Forest,NC
277,-78.5030622,35.0154469,Salemburg,NC
1111,-78.3413918,37.683478,Arvonia,VA
1393,-78.3233325,34.9979453,Clinton,NC
252,-78.1633341,39.1856597,Winchester,VA
1413,-78.0649983,38.5126247,Norman,VA
215,-78.0647387,43.193393,Clarendon,NY
1215,-77.9636513,40.0626872,Fort Littleton,PA
575,-77.8824596,37.5643209,Powhatan County,VA
401,-77.6930602,43.2097837,Greece,NY
1573,-77.6418724,38.9756745,Aldie,VA
1172,-77.6109219,43.16103,Rochester,NY
1239,-77.5816353,35.2626635,Kinston,NC
326,-77.5424809,36.6859829,Emporia,VA
152,-77.5358049,35.8968236,Tarboro,NC
1557,-77.5355335,36.5320954,Pleasant Hill,NC
1222,-77.4605399,38.3031837,Fredericksburg,VA
10,-77.4388719,41.9572933,Knoxville,PA
582,-77.4360481,37.5407246,Richmond,VA
1250,-77.4360481,37.5407246,Richmond,VA
811,-77.4105409,39.4142688,Frederick,MD
1564,-77.4083086,38.4220687,Stafford,VA
591,-77.3663538,35.612661,Greenville,NC
1214,-77.2872001,37.3043154,Hopewell,VA
636,-77.1807842,38.2664512,King George,VA
270,-77.1735312,39.8716058,Straban Township,PA
1595,-77.1710914,38.882334,Falls Church,VA
363,-77.1067698,38.8799697,Arlington,VA
187,-77.0368707,38.9071923,Washington,DC
812,-77.0368707,38.9071923,Washington,DC
830,-77.0368707,38.9071923,Washington,DC
877,-77.0368707,38.9071923,Washington,DC
1073,-77.0368707,38.9071923,Washington,DC
1477,-77.0368707,38.9071923,Washington,DC
1500,-77.0368707,38.9071923,Washington,DC
1671,-77.0368707,38.9071923,Washington,DC
349,-76.8966397,38.9340002,Landover,MD
1196,-76.8966397,38.9340002,Landover,MD
612,-76.8894171,38.8576128,District Heights,MD
1578,-76.8867008,40.2731911,Harrisburg,PA
1292,-76.8755282,39.0045544,Greenbelt,MD
759,-76.8610462,39.2037144,Columbia,MD
727,-76.8294213,39.4695489,Reisterstown,MD
76,-76.7952525,39.3673278,Randallstown,MD
1562,-76.7952525,39.3673278,Randallstown,MD
458,-76.7802528,39.4195499,Owings Mills,MD
788,-76.727745,39.9625984,York,PA
1417,-76.727745,39.9625984,York,PA
245,-76.7267773,39.1137602,Fort Meade,MD
1700,-76.7224727,39.3742729,Pikesville,MD
78,-76.7083033,40.2653681,Hummelstown,PA
58,-76.6121893,39.2903848,Baltimore,MD
855,-76.6121893,39.2903848,Baltimore,MD
1248,-76.6121893,39.2903848,Baltimore,MD
1249,-76.6121893,39.2903848,Baltimore,MD
1522,-76.6121893,39.2903848,Baltimore,MD
574,-76.5852462,40.2775915,Campbelltown,PA
986,-76.5835621,36.7282054,Suffolk,VA
111,-76.474962,39.3092743,Essex,MD
478,-76.4730122,37.0870821,Newport News,VA
943,-76.4394056,39.3342744,Middle River,MD
457,-76.3868797,37.2103925,York County,VA
1162,-76.3482931,39.5359406,Bel Air,MD
366,-76.3055144,40.0378755,Lancaster,PA
224,-76.2982742,36.8354258,Portsmouth,VA
300,-76.2982742,36.8354258,Portsmouth,VA
29,-76.2874927,36.7682088,Chesapeake,VA
1309,-76.2874927,36.7682088,Chesapeake,VA
1017,-76.2858726,36.8507689,Norfolk,VA
1183,-76.2858726,36.8507689,Norfolk,VA
1210,-76.2858726,36.8507689,Norfolk,VA
1305,-76.2858726,36.8507689,Norfolk,VA
1401,-76.2858726,36.8507689,Norfolk,VA
1098,-76.2772223,39.4622357,Abingdon,MD
1107,-76.1474244,43.0481221,Syracuse,NY
1011,-76.0627266,39.6978871,Rising Sun,MD
345,-76.0001965,43.2478466,Constantia,NY
676,-75.977985,36.8529263,Virginia Beach,VA
677,-75.977985,36.8529263,Virginia Beach,VA
630,-75.9413327,39.6001132,North East,MD
108,-75.9268747,40.3356483,Reading,PA
186,-75.8332718,39.6067789,Elkton,MD
599,-75.7893604,41.3259134,Pittston,PA
643,-75.6054882,39.9606643,West Chester,PA
330,-75.6046494,39.2998339,Smyrna,DE
158,-75.5993692,38.3606736,Salisbury,MD
729,-75.5397878,39.7390721,Wilmington,DE
132,-75.4901833,40.6084305,Allentown,PA
1480,-75.4657542,39.0090017,Frederica,DE
170,-75.4596404,39.8006685,Claymont,DE
692,-75.3557457,39.849557,Chester,PA
1092,-75.3557457,39.849557,Chester,PA
1194,-75.3557457,39.849557,Chester,PA
964,-75.3528779,41.5605542,Canaan Township,PA
1004,-75.3076883,39.957902,Upper Darby,PA
935,-75.1812913,40.9995386,East Stroudsburg,PA
863,-75.1749671,40.028521,Germantown,PA
544,-75.1652215,39.9525839,Philadelphia,PA
1270,-75.1652215,39.9525839,Philadelphia,PA
1328,-75.1652215,39.9525839,Philadelphia,PA
1684,-75.1652215,39.9525839,Philadelphia,PA
474,-75.1196199,39.9259463,Camden,NJ
888,-75.1196199,39.9259463,Camden,NJ
1289,-75.0259637,39.4863773,Vineland,NJ
687,-74.9813084,44.6697805,Potsdam,NY
60,-74.8623203,39.6573556,Winslow,NJ
296,-74.7429384,40.2170534,Trenton,NJ
408,-74.7227291,40.9601024,Byram,NJ
247,-74.6796651,40.2115109,Hamilton,NJ
1269,-74.4518188,40.4862157,New Brunswick,NJ
1521,-74.4229341,41.4459271,Middletown,NY
494,-74.4229266,39.3642834,Atlantic City,NJ
1648,-74.4229266,39.3642834,Atlantic City,NJ
872,-74.3572646,39.6108492,Little Egg Harbor,NJ
1526,-74.3572646,39.6108492,Little Egg Harbor Township,NJ
1091,-74.3392821,39.9711696,Manchester,NJ
1561,-74.3392821,39.9711696,Manchester,NJ
30,-74.307282,40.4128551,Old Bridge,NJ
460,-74.2948983,44.8486596,Malone,NY
754,-74.2846022,40.5575986,Woodbridge,NJ
1463,-74.171811,40.9167654,Paterson,NJ
610,-74.1502007,40.5795317,Staten Island,NY
639,-74.1371832,40.0578384,Brick Township,NJ
1301,-74.1334647,42.6253546,Berne,NY
394,-74.1243063,40.8120171,Lyndhurst,NJ
385,-74.1065303,40.443441,Ideal Beach,NJ
464,-74.1040191,43.2217388,Edinburg,NY
803,-74.0868095,41.7475933,New Paltz,NY
374,-74.0434736,40.8859325,Hackensack,NJ
430,-74.0434736,40.8859325,Hackensack,NJ
313,-74.0059413,40.7127837,New York,NY
1290,-74.0059413,40.7127837,New York,NY
1359,-74.0059413,40.7127837,New York,NY
1447,-74.0059413,40.7127837,New York,NY
1517,-74.0059413,40.7127837,New York,NY
1529,-74.0059413,40.7127837,New York,NY
96,-73.989306,41.1475954,New City,NY
442,-73.9859414,40.5749261,Coney Island,NY
1272,-73.9709583,42.7870209,Rotterdam,NY
342,-73.9695832,41.5048158,Beacon,NY
1430,-73.9395687,42.8142432,Schenectady,NY
922,-73.8987469,40.9312099,Yonkers,NY
425,-73.8654295,40.8370495,Bronx,NY
656,-73.8370786,40.9125992,Mount Vernon,NY
302,-73.7948516,40.7282239,Queens,NY
383,-73.7948516,40.7282239,Queens,NY
633,-73.6917851,42.7284117,Troy,NY
1291,-73.6917851,42.7284117,Troy,NY
1219,-73.5387341,41.0534302,Stamford,CT
1117,-73.2612615,41.1408363,Fairfield,CT
969,-73.212072,44.4758825,Burlington,VT
1218,-73.212072,44.4758825,Burlington,VT
221,-73.2103934,40.7298207,Islip,NY
1681,-73.1856832,44.491438,Winooski,VT
1473,-73.0724037,41.6743343,Thomaston,CT
613,-72.4334173,41.7689878,Bolton,CT
762,-72.3845301,41.2960159,Old Saybrook,CT
1702,-72.3378744,43.3728635,Claremont,NH
1694,-72.0181743,41.4456444,Mashantucket,CT
485,-71.9662009,44.1670079,Bath,NH
1451,-71.9516746,42.8706048,Peterborough,NH
235,-71.8800628,42.050091,Webster,MA
1372,-71.8647577,42.1167606,Oxford,MA
673,-71.4948322,42.8678693,Merrimack,NH
1227,-71.3825558,41.878711,Pawtucket,RI
50,-71.3273346,42.8806437,Derry,NH
1232,-71.3161718,42.6334247,Lowell,MA
122,-71.2342248,42.6106478,Tewksbury,MA
1432,-71.2134231,41.6259211,Tiverton,RI
402,-71.1270268,42.2832142,Roslindale,MA
1346,-71.0897674,41.900101,Taunton,MA
238,-71.0588801,42.3600825,Boston,MA
443,-71.0588801,42.3600825,Boston,MA
1105,-71.0588801,42.3600825,Boston,MA
1299,-71.0536625,42.40843,Everett,MA
468,-71.0183787,42.0834335,Brockton,MA
1226,-71.0040013,42.2079017,Braintree,MA
516,-70.9494938,42.466763,Lynn,MA
1061,-70.9494938,42.466763,Lynn,MA
45,-70.9410356,42.2180724,Weymouth,MA
761,-70.880049,42.5584283,Beverly,MA
903,-68.7778138,44.8011821,Bangor,ME
99,-68.1203515,46.1644547,Smyrna,ME
1338,-68.0158615,46.681153,Presque Isle,ME
1201,-118.2436197,33.9671978,Florence,CA
1642,-118.2436197,33.9671978,Florence,CA
1012,-118.4389719,34.2819461,San Fernando,CA
1252,NA,NA,Odessa,TX
1253,NA,NA,Indianapolis,IN
1254,NA,NA,Raceland,LA
1255,NA,NA,Macon County,AL
1256,NA,NA,Austin,TX
1257,NA,NA,Eau Claire,WI
1258,NA,NA,Minneapolis,MN
1259,NA,NA,West Springfield,MA
1260,NA,NA,Indianapolis,IN
1261,NA,NA,Oak Hill,OH
1262,NA,NA,Gallatin,TN
